MaThanhPho,TenThanhPho,DiaChiVP,Bang,ThoiGian
TP0001,East Teresafort,"32760 Mcdaniel Station, West Colleen, OK 17919",ID,2020-07-08
TP0002,Lisaton,"USNS Archer, FPO AP 20624",CA,2024-12-18
TP0003,Wheelerchester,"PSC 2001, Box 8791, APO AA 26523",HI,2022-04-08
TP0004,New Lindsayland,"Unit 7307 Box 7646, DPO AP 63583",NM,2024-01-10
TP0005,Thomasfurt,"PSC 6139, Box 5846, APO AE 58456",AR,2024-03-11
TP0006,Brucefurt,"0113 Davis Wall, Tinaland, WV 88695",WV,2021-06-07
TP0007,Lake Traciport,"Unit 9779 Box 2827, DPO AE 17439",ME,2022-02-04
TP0008,East Michael,"8779 Heather Views Apt. 903, South Christine, MN 62300",IN,2022-09-24
TP0009,Shannonberg,"74491 Victoria Brook Suite 766, East Michellehaven, HI 95830",AK,2020-07-13
TP0010,East Spencer,"2575 Krystal Springs Apt. 315, Rossstad, OH 96287",TX,2025-02-25
TP0011,West Carolyntown,"81825 Lane Rest Apt. 564, Port Seanside, SC 23301",ME,2022-10-15
TP0012,North Jamestown,"8873 Lane Mission Suite 596, Blakechester, FL 23164",MO,2021-04-10
TP0013,Kimbury,"636 Patrick Grove Suite 617, North Michaelstad, MT 66588",MI,2020-05-21
TP0014,East Jacquelinebury,"2618 Cynthia Valleys Suite 277, Colemanton, WA 11985",FM,2024-02-07
TP0015,Stricklandhaven,"492 Morris Hollow Suite 606, North Brittanychester, DE 36126",IN,2022-06-24
TP0016,New Elizabeth,"2913 Stone Roads Suite 514, Port Philliphaven, NE 45696",FM,2025-03-20
TP0017,Port Joymouth,"04935 Burch Manors, Port Michelleview, MT 31756",RI,2024-01-24
TP0018,New Danielleville,"27882 Pittman Mission, Victoriaside, PW 41301",ID,2023-12-16
TP0019,Jordanfurt,"911 Miller Lodge Suite 344, Port Rebecca, WI 15268",WA,2023-03-10
TP0020,Pattybury,"77947 Green Mountain, South Cindyville, MH 94366",SD,2020-12-26
TP0021,North James,"687 Henderson Square, New Mia, AR 63091",NH,2021-02-09
TP0022,Rebeccahaven,"4864 Stephanie Route Suite 116, Johnsonfort, WV 95049",MS,2021-10-08
TP0023,Port Jeremiah,"0794 Cole Track Apt. 128, Jamiefurt, PR 78805",ID,2020-04-20
TP0024,Bonnieport,"PSC 7099, Box 0162, APO AE 22560",MD,2023-12-02
TP0025,Hillville,"140 Stephen Harbor Suite 163, New Kimberly, PW 24136",CT,2023-04-28
TP0026,Lake Charlestown,"9228 Bell Garden, Prattfort, MA 81283",SC,2024-02-05
TP0027,Lake Jacquelinefort,"975 Jerry Burg, Kimtown, ID 74607",ND,2021-07-25
TP0028,Williamsborough,"02512 Megan Flat Apt. 877, South Sheila, MT 50078",IL,2022-12-26
TP0029,Lake Thomasbury,"88031 Zamora Hill, Anthonyburgh, MS 72793",WA,2022-07-01
TP0030,Lisaberg,"066 Kelly Springs, Robertsmouth, NJ 72493",MN,2023-06-17
TP0031,Lake Michaelborough,"1910 Amanda Garden Suite 646, South Ginaland, HI 84633",IL,2024-11-04
TP0032,Hobbsfort,"4731 Yoder Street Apt. 051, North Michael, PA 59717",WI,2023-12-09
TP0033,Danielburgh,"03276 Stephen Island, Port Ashleychester, CA 26970",AL,2021-11-15
TP0034,Port Danielberg,"5969 Jordan Villages Suite 713, Port Timothy, LA 20627",TX,2023-12-09
TP0035,West Tammy,"411 Santiago Mountain Suite 123, Kathrynburgh, CA 20039",IL,2024-07-24
TP0036,Wilsonbury,"761 Roger Rapids Apt. 785, South Scott, KS 14837",PA,2022-07-01
TP0037,North Lauramouth,"484 Carolyn Street, Joyceport, MN 79515",IA,2022-07-10
TP0038,Jacobberg,"8251 Bowen Court Apt. 683, East Johnbury, AR 37991",SC,2020-06-26
TP0039,Sandrastad,"6330 Macdonald Fork, South Jennifermouth, MD 94300",GA,2023-11-23
TP0040,Garyburgh,"025 Johnny Ridge, North Tammy, OH 20504",CT,2024-08-09
TP0041,Stephensonton,"6207 Perez Mount Apt. 739, Thomasfurt, GU 92334",PR,2023-02-26
TP0042,Sheriland,"837 Thomas Landing Suite 015, West Ginastad, DC 23823",LA,2020-06-19
TP0043,Rebeccachester,"05466 Andrew Mission, Port Gabrielle, MT 33474",LA,2022-07-15
TP0044,Coxtown,"1452 Gonzalez Bypass, Port Christine, AR 00828",AL,2022-11-16
TP0045,Lake Matthewstad,"2179 Reilly Divide, Camposside, IN 75600",MT,2023-02-27
TP0046,Hoside,"6044 Jason Station, North Sherylport, MT 82922",WY,2024-12-20
TP0047,Port Stephanieview,"17097 Kyle Cove, Starkside, FL 59950",DC,2024-08-26
TP0048,Porterland,"64037 April Fall Suite 381, New Zacharytown, UT 32677",FL,2020-06-04
TP0049,Davidport,"9728 Roy Plains Apt. 629, Bryanborough, NE 99950",PA,2023-06-24
TP0050,Port Joseph,"88230 Grace Lock, Richardsonfort, CT 66244",AK,2023-02-19
TP0051,Andrewhaven,"711 Donovan River Suite 100, South Sally, ND 16110",FL,2023-07-24
TP0052,Nancyside,"013 Thomas Roads, West Josephmouth, VT 58545",LA,2021-03-14
TP0053,Kristaville,"4794 Ferguson Port Apt. 917, Allenhaven, RI 40464",OH,2025-01-26
TP0054,Markburgh,"37974 Simpson Passage, Leachside, MD 45824",WV,2020-09-14
TP0055,South Jamesstad,"790 Taylor Oval, Lake Douglasberg, MS 55461",MT,2023-08-14
TP0056,Lake Jeremy,"9943 Carter Key, North Lauraberg, NY 34863",AL,2020-11-29
TP0057,North Daniel,"Unit 2422 Box 1722, DPO AE 21899",MN,2020-05-15
TP0058,Port Danielleton,"50746 Garcia Spurs, West Miastad, MS 71470",PA,2025-02-22
TP0059,Triciaton,"1437 Kristin Springs Suite 016, Port Stephanie, OK 52150",OH,2021-09-10
TP0060,North Reginastad,"316 Charles Greens, Brownfort, DC 60101",LA,2024-10-24
TP0061,Melissafort,"41708 Paul Pass, Hansonview, AR 78547",MN,2022-03-14
TP0062,Jackieview,"3614 Mosley Garden, North Kimberlyshire, SC 39757",WY,2022-06-08
TP0063,Brittanyburgh,"USCGC Jones, FPO AP 08427",VT,2020-05-10
TP0064,Lake Dawnborough,"41912 Jessica Ports Apt. 870, Colemanchester, SD 75233",AZ,2024-05-23
TP0065,Lake Terrance,"969 Linda Alley Apt. 869, Evansburgh, NJ 83113",OH,2024-09-13
TP0066,Johnnyhaven,"4034 Warren Well Suite 279, Mendozahaven, RI 82586",NY,2022-01-26
TP0067,Johnsonshire,"5237 Crystal Fork Suite 720, East Ashley, MI 80100",FM,2024-10-19
TP0068,Port Benjamin,"58144 Elizabeth Lodge Suite 840, Robertsonton, SC 93519",SC,2023-12-31
TP0069,Lake Regina,"200 Mary Harbors Suite 353, New Sethton, OK 72154",MI,2023-09-28
TP0070,East Nicholas,"76752 Salas Viaduct, Port Emilyfort, PW 92633",MT,2021-08-07
TP0071,Jenniferberg,"331 Teresa Corners, East Williamborough, ND 91294",MN,2024-01-01
TP0072,Danielfort,"81374 Julian Estate Apt. 239, North Gabrielmouth, GU 03982",VI,2020-05-04
TP0073,Lake Frank,"572 Madden Garden, Port Seanburgh, ME 99611",MS,2025-03-17
TP0074,Lake Jeremy,"06266 Williams Ranch, North Caitlyn, DC 89945",VT,2023-09-25
TP0075,Stephensmouth,"0770 Fisher Mission, South Robinport, AS 33459",AK,2024-02-01
TP0076,Campbellberg,"36561 Deborah Islands, Beckmouth, KY 19418",MA,2020-04-24
TP0077,Port Vincentfurt,"0218 Green Viaduct Suite 819, Lake Kimberlyberg, ND 66502",CA,2022-04-12
TP0078,Port Erikaburgh,"0374 Berger Harbors Suite 120, New Michelleton, CA 95685",MD,2021-03-15
TP0079,North Mariaborough,"08712 Patrick Knoll, Angelicaberg, UT 51436",PR,2025-01-08
TP0080,North Christinaberg,"5279 Lisa Forges Apt. 660, South Terrence, MN 76792",TX,2022-08-24
TP0081,Port Julie,"7630 Julie Alley, Robertton, MP 57892",PW,2023-04-06
TP0082,Monicabury,"60595 Bailey Cliff, Brittanychester, FM 71465",CA,2020-08-19
TP0083,South Deannamouth,"3765 Robinson Pines Apt. 409, East Michael, PR 75752",IL,2023-03-09
TP0084,Hunterview,"721 Hoffman Plaza Apt. 175, Butlerburgh, KY 51320",CT,2021-11-26
TP0085,Andrewbury,"5831 Ernest Valleys, Nancyborough, WI 89283",NH,2020-06-27
TP0086,Martinport,"9659 Elizabeth Crescent, Brettburgh, MH 53605",UT,2025-01-20
TP0087,North Kristen,"375 Stephen Overpass Suite 925, South Amanda, VT 74767",MO,2024-12-13
TP0088,New Jenniferhaven,"8644 Lee Estates Suite 572, South Marcusberg, WV 39792",IL,2024-05-05
TP0089,Lake Michelle,"USNV Stanton, FPO AA 58018",AZ,2023-10-27
TP0090,Lake Tamaraland,"2891 Michael Bypass Suite 648, Emilyville, MN 26848",NY,2022-11-10
TP0091,Tuckerberg,"049 Miranda Shore, Joshuastad, IN 43822",GU,2022-05-08
TP0092,Ellisberg,"808 Alicia Circles, North Kyle, PW 60656",IN,2021-11-04
TP0093,Karenside,"04325 Roberto Coves, South Lindsey, AZ 92831",DC,2020-11-06
TP0094,Oconnorburgh,"44365 Bruce Center, Sanchezview, WA 17608",KY,2021-04-01
TP0095,Lake Angela,"9635 Jones Heights, Markburgh, PA 80438",IA,2024-12-17
TP0096,Johnsonfort,"29316 Alison Valley Suite 300, Draketon, VT 86803",MS,2021-04-19
TP0097,East Tamaraberg,"906 Lindsey Hill Suite 201, Myersburgh, MH 07616",AL,2025-01-10
TP0098,New Josetown,"363 Stephanie Mountain, North Adam, MS 98257",VA,2021-07-26
TP0099,Hartmantown,"85416 Ray Rue Apt. 412, Carlhaven, RI 02926",PR,2022-06-07
TP0100,North James,"380 Noble Ridge Suite 399, Lake Markview, PA 98183",OK,2020-12-15
